名称,评论数,人均价格,类别,商圈,地址,推荐1,推荐2,推荐3,口味评分,环境评分,服务评分,星级,店铺ID,网址
极炙・台尘致炭火烤肉,3551,211元,日本料理,天河城/体育中心,天河路178-188号新天河宾馆院内综合楼3楼,极上和牛套餐,特选牛舌,元贝,9.1,8.5,9.2,五星商户,66250176,http://www.dianping.com/shop/66250176
大F(正佳店),151,54元,粤菜,天河城/体育中心,体育东路正佳广场五楼广正街,F鹅肉饭,生蚝沙锅粥,卤水鹅肝饭,9.3,9.1,9.1,五星商户,id110266597,http://www.dianping.com/shop/110266597
白天鹅宾馆・玉堂春暖餐厅,2018,312元,粤菜,沙面,沙面南街1号白天鹅宾馆3楼,沙琪玛,葵花鸡,招牌虾饺,8.9,9.3,9,五星商户,id520094,http://www.dianping.com/shop/520094
Mr.Fish鱼鲜生海鲜放题(高德置地冬广场店),7703,354元,自助餐,高德置地/花城汇,珠江新城花城大道85号高德置地冬广场5楼507-512铺,刺身新鲜,新西兰鳌虾,燕窝哈根达斯雪糕,8.8,9,8.7,准五星商户,id32501719,http://www.dianping.com/shop/32501719
漫活堂・健康有机西餐厅(高志店),1174,148元,西餐,兴盛路/跑马场,黄埔大道西120号高志大厦首层107铺,低温慢煮牛小排,青苹果焦糖核桃沙拉,鲜虾墨鱼汁意大利面配参巴海鲜酱,9.1,9,9,五星商户,id76972044,http://www.dianping.com/shop/76972044
点都德(花城店),5424,88元,茶餐厅,珠江新城,花城大道16号,金沙红米肠,金牌鲜虾饺皇,百合蒸酱凤爪,9,8.9,8.4,准五星商户,id56985236,http://www.dianping.com/shop/56985236
点都德(骏和楼店),1393,79元,茶餐厅,市桥,市桥街捷进二路1号骏和广场三楼,金沙红米肠,金牌鲜虾饺皇,沙爹金钱肚,9.1,9,8.8,五星商户,id69100250,http://www.dianping.com/shop/69100250
松月自慢料理,1348,382元,日本料理,珠江新城,珠江西路15号珠江城大厦商业4层,生烤牛肉,刺身拼盘,牛油果虾手卷,9,9.3,9.1,五星商户,id92411666,http://www.dianping.com/shop/92411666
串八・炉端烧,70,178元,日本料理,兴盛路/跑马场,马场西路黄埔大道西668号马会酒店大堂内,牛舌,牛肉鹅肝卷,豚肉芦笋卷,9.3,9,9,五星商户,id98948970,http://www.dianping.com/shop/98948970
ZENHO天和割烹料理,508,528元,日本料理,珠江新城,花城大道665号翡丽商务大厦104单元,刺身拼盘,海胆,香煎鹅肝,9.1,9.3,9.3,五星商户,id76837516,http://www.dianping.com/shop/76837516
点都德・德誉楼,7492,75元,茶餐厅,北京路,中山四路246号信德大厦五楼,金牌虾饺皇,金沙红米肠,豉汁蒸凤爪,9,8.8,8.4,五星商户,id27162190,http://www.dianping.com/shop/27162190
大宅门火锅(珠江新城店),279,112元,火锅,珠江新城,珠江新城兴盛路兴盛汇三楼2-5号,冰粉,年销50万份极品空运鲜毛肚,绝味馋嘴蛙,8.4,8.8,8.3,准五星商户,id97677511,http://www.dianping.com/shop/97677511
]熙火锅(天河北路店),2672,146元,火锅,天河城/体育中心,天河北路392号2楼,雪花牛肉,虾滑,极品鲜鹅肠,9,9.1,9,五星商户,id58456220,http://www.dianping.com/shop/58456220
QooQoo 韩式寿司,669,94元,自助餐,石牌/龙口,石牌东路31号石牌东商业大厦5楼,海鲜刺身,芝士烤虾寿司,柠檬烤虾寿司,8.9,9.1,9.1,五星商户,id90517645,http://www.dianping.com/shop/90517645
滋粥楼(南村店),5890,137元,粤菜,南村,南村镇兴南大道33号桥兴商务大厦2楼,油条,白贝,XO酱炒陈村粉,8.8,9,8.6,准五星商户,id13786811,http://www.dianping.com/shop/13786811
咖法森林・咖啡吧,612,67元,咖啡厅,天河北,林乐路侨林苑小区1期B座51-1室,酸奶慕斯,焦糖海盐摩卡,芒果慕斯,8.7,9.1,9,五星商户,id74601028,http://www.dianping.com/shop/74601028
德尚煌・六艺领鲜顺德菜(科学城分店),658,84元,粤菜,科学城,科学大道193号优托邦购物中心A座3楼,大锅缮饺海鲩,红豆双皮奶,蜜汁叉烧,8.2,8.7,8.4,四星商户,id97505558,http://www.dianping.com/shop/97505558
HOTFINGERS海鸡(宝业路店),867,74元,韩国料理,江南西,宝业路26号,金枪鱼饭团,辣鸡爪,炸鸡翅,8.7,8.9,9.1,准五星商户,id90378983,http://www.dianping.com/shop/90378983
白天鹅宾馆流浮阁咖啡厅,4076,386元,自助餐,沙面,沙面南街1号白天鹅宾馆1楼,三文鱼刺身,法国h蜗牛,冰岛生蚝,8.4,9.1,9,准五星商户,id519416,http://www.dianping.com/shop/519416
猫抓烤肉,623,87元,烧烤,北京路,北京路168号粤海仰忠汇六层,洋葱牛小粒,玫瑰牛舌,蒜香猪五花,8.6,8.8,9,准五星商户,id90256276,http://www.dianping.com/shop/90256276
廾穹概念中国菜(琶醍店),5963,159元,创意菜,琶洲,磨碟沙大街118-58号琶醍b区麦芽仓5仓,石烹雪花牛肉,液氮青椒螺片,雾凇脆皮豆腐,8.4,9.1,8.8,准五星商户,id38212967,http://www.dianping.com/shop/38212967
Malico西式简餐,591,55元,西餐,北京路,惠吉东路22号,malico芒果鸡肉卷,烟肉蘑菇意粉,莫吉托,8.9,8.1,8.7,准五星商户,id91886132,http://www.dianping.com/shop/91886132
ThePizzaFactory 披萨工坊(富力海珠城广场店),2110,70元,西餐,江南西,江南西路1号富力海珠城广场B区3层,意式特浓,腌制鸡翅,海底总动员披萨,8.9,9,9.1,五星商户,id67389609,http://www.dianping.com/shop/67389609
永恒养生蒸汽锅,648,111元,海鲜,市桥,番禺大道北795-797号,明虾,白贝,生蚝,9.2,8.2,9.1,五星商户,id24987365,http://www.dianping.com/shop/24987365
和苑酒家(时代店),1550,156元,粤菜,越秀公园,东风中路410号时代地产中心3-5楼,虾饺皇,竹筒龙虾粒手工面,陈醋木耳,8.9,9,9.1,准五星商户,id8019892,http://www.dianping.com/shop/8019892
白天鹅宾馆・宏图府餐厅,2331,205元,粤菜,沙面,沙面南街1号白天鹅宾馆2楼,羊城鲜虾饺,桂花糕,萨其马,8.7,9.2,9,五星商户,id520091,http://www.dianping.com/shop/520091
荔雅图 Li Chateau,1665,323元,西餐,天河城/体育中心,天河路228号正佳广场万豪酒店正门左手边负夹层,经典鸡肉凯撒沙拉,鹅肝双吃,黑松露烩饭,8.7,9.1,8.8,准五星商户,id18769937,http://www.dianping.com/shop/18769937
大猿日本料理(江南西店),5487,99元,日本料理,江南西,江南西路青竹大街14号104,大猿四季,陶瓮芝士大元贝,白吞拿拼阿根廷大虾刺身,8.8,8.7,9,准五星商户,id23076961,http://www.dianping.com/shop/23076961
渔意如意,344,97元,粤菜,滨江路,东晓路雅墩街1号,一鱼五食,金鲷刺身,鹅肝刺身,9,7.8,8,准五星商户,id67793856,http://www.dianping.com/shop/67793856
Maple Leaf Loft(枫叶私厨),1317,268元,西餐,工业大道,工业大道中313号东方红创意园东区15栋,安格斯牛扒,迷迭香烤羊架,安格斯牛小扒,8.8,9,9.2,五星商户,id18592876,http://www.dianping.com/shop/18592876
小鱼儿顺德私房菜(北京路店),111,61元,粤菜,北京路,西湖路38号骏亿品牌中心三楼,水库大头鱼,凌池江团鱼,过桥豆腐,8.8,8,8.4,准五星商户,id102473182,http://www.dianping.com/shop/102473182
妙趣咖啡厅・自助餐(香格里拉大酒店),3244,312元,自助餐,琶洲,会展东路1号香格里拉大酒店1楼,三文鱼,雪糕,阿拉斯加长脚蟹,8.5,9.1,8.8,准五星商户,id2048416,http://www.dianping.com/shop/2048416
神隐酒场,124,188元,日本料理,珠江新城,猎德大道2号西浦大街第八栋9a9b,玫瑰露酒煮海螺,串烧鸡皮大叶虾,烤牛舌,9,9.1,9,五星商户,id96067550,http://www.dianping.com/shop/96067550
茹悦精致料理●网红打卡热点,169,101元,日本料理,天河北,天河北路387号101,火炙蟹棒寿司,刺身拼盘,寿司拼盘,9.1,9.2,9.1,五星商户,id92234862,http://www.dianping.com/shop/92234862
铭门盛宴艺术海鲜姿造(珠江新城店),3045,443元,自助餐,珠江新城,临江大道57号中和广场五楼,刺身,香煎鹅肝,鲍鱼,8.5,8.7,8.3,准五星商户,id47930527,http://www.dianping.com/shop/47930527
老友记主题咖啡厅(富力盈丰大厦店),935,70元,西餐,高德置地/花城汇,华强路2号富力盈丰大厦首层108铺,BFF迷你双堡,奶油蘑菇意面,Waffle,8.7,9,8.9,准五星商户,id19701155,http://www.dianping.com/shop/19701155
角屋北海道烧肉专门店(永旺梦乐城店),419,95元,日本料理,番禺广场,亚运大道1号,招牌牛五花,北海道成吉思汗羊排双拼,招牌北海道成吉思汗羊排,8.9,9,9.1,五星商户,id98102310,http://www.dianping.com/shop/98102310
博多天妇罗泰(正佳广场店),2048,64元,日本料理,天河城/体育中心,天河路228号正佳广场B1层,大虾天妇罗套餐,扇贝,香菇,8.8,8.3,8.8,准五星商户,id58685932,http://www.dianping.com/shop/58685932
香港聚强佛跳墙(天河店),257,77元,粤菜,天河北,天河北路100生活馆一层中座13号,佛跳墙,碗仔翅,聚强佛跳墙,8.4,8.2,8.7,准五星商户,id102346449,http://www.dianping.com/shop/102346449
小龙坎老火锅(江南西店),148,134元,火锅,江南西,江南西路26号三层301铺,虾滑,鲜毛肚,冰球鹅肠,9,9.1,8.7,准五星商户,id100412754,http://www.dianping.com/shop/100412754
重庆德庄火锅(番禺万达广场店),1478,116元,火锅,南村,汉溪大道东万达广场金街W1018,德庄毛肚,肥牛卷,黄喉,7.8,7.9,7.7,四星商户,id19682598,http://www.dianping.com/shop/19682598
点都德(聚福楼),19702,73元,茶餐馆,北京路,惠福东路470号,金牌r王,金化红米肠,豉油皇凤爪,8.8,8.6,8.2,准五星商户,id13808705,http://www.dianping.com/shop/13808705
王品牛排(广州环市东店),2016,379元,西餐,小北/淘金,环市东路339号广东国际大厦63广场四楼402,台塑牛排,法式香煎鹅肝沙拉,蜜桃甜酒,8.8,9.1,9.2,五星商户,id4299461,http://www.dianping.com/shop/4299461
点都德(德粤楼),9943,74元,茶餐厅,环市东,环市东路374号三茂大厦3楼,金化红米肠,虾饺,日式青芥三文鱼挞,9,8.6,8.1,准五星商户,id22658812,http://www.dianping.com/shop/22658812
HAVANA餐吧・主厨餐吧,184,129元,西餐,天河北,天河北路喜聚ptv一楼,西班牙黑毛猪肉眼排,餐前面包,MOJITO莫吉托,8.8,9.1,8.7,准五星商户,id102103531,http://www.dianping.com/shop/102103531
金达莱烤串・冷面,1445,92元,烧烤,南村,海印中华美食城四街三楼,羊肉串,现压冷面,烤串,8.3,8.6,8.4,四星商户,id38892487,http://www.dianping.com/shop/38892487
匠心烘焙,729,156元,面包甜点,客村/赤岗,新市头路100号,圣诞蛋糕,场景造型蛋糕,手绘卡通蛋糕,9.2,9.1,9.2,五星商户,id32492044,http://www.dianping.com/shop/32492044
有间虾铺(珠江新城维家思广场店),1274,158元,小龙虾,珠江新城,黄埔大道西188号维家思广场4层,大锅油焖小龙虾,四大美人小龙虾拼盘,长沙臭豆腐,8.7,8.4,8.4,准五星商户,id75625534,http://www.dianping.com/shop/75625534
MAYS 蔓莳创意美蔬(K11店),604,81元,素菜,珠江新城,花城大道K11购物艺术中心B133号,和风玉衣海苔卷,松露牛肝菌扁面,有机秘鲁红藜麦田园沙拉,8.6,8.6,7.9,准五星商户,id101939721,http://www.dianping.com/shop/101939721
徐博馆岭南养生菜,1602,306元,粤菜,高德置地/花城汇,珠江新城临江大道57号中和广场7楼,人参灌汤小笼包,莲藕松茸酥,麻酱万年青,8.7,9.2,8.4,准五星商户,id6009120,http://www.dianping.com/shop/6009120
汕头八合里海记牛肉店(体育西店),2205,84元,火锅,天河城/体育中心,体育西横街68号,吊龙伴,手锤牛筋丸,嫩肉,8.9,7.7,7.8,准五星商户,id68968210,http://www.dianping.com/shop/68968210
小炳胜(北京路店),739,85元,粤菜,北京路,北京路168号粤海仰忠汇六层B605,雪山奶露包,招积茄子,招牌窑鸡,8.2,8.3,8.2,四星商户,id102326582,http://www.dianping.com/shop/102326582
COVA(丽柏广场店),137,233元,西餐,小北/淘金,环市中路丽柏广场119&208,芒果奶油蛋糕,燕麦蛋糕,英式下午茶套餐,8.9,9.1,9.1,五星商户,id97365846,http://www.dianping.com/shop/97365846
麓苑轩酒家,3167,120元,火锅,环市东,麓苑路36号省经贸委招待所内,蒸汽火锅,白贝,柴鱼花生香米排骨锅底,8.7,7.8,7.9,准五星商户,id3500059,http://www.dianping.com/shop/3500059
花间cake烘焙BLossom Bakery Studio,278,187元,面包甜点,天河城/体育中心,黄埔大道西201号金泽大厦写字楼,酸奶乳酪慕斯,生日蛋糕,焦糖杏仁薄脆云朵蛋糕,9.2,9.1,9.2,五星商户,id66325428,http://www.dianping.com/shop/66325428
王品牛排(佳兆业广场店),3533,368元,西餐,天河城/体育中心,体育西路191号佳兆业广场3层,台塑牛排,法式香煎鹅肝沙拉,面包,8.7,9,9.1,五星商户,id3126163,http://www.dianping.com/shop/3126163
喜营・工匠粤菜,580,55元,粤菜,江南西,江南西路青竹大街29号首层,盐烧乳鸽王,粤式干炒牛河,施洛奇水晶虾饺皇,7.7,7.9,8.2,四星商户,id96078477,http://www.dianping.com/shop/96078477
Tipsy精酿餐厅(289店),825,144元,西餐,五羊新城,广州大道中289号289创意空间113a铺,牛肋扒,蜜桃啤酒,德国猪手配香肠,8.8,8.8,8.8,准五星商户,id67442152,http://www.dianping.com/shop/67442152
铭门盛宴艺术海鲜姿造(广州东站店),1335,343元,自助餐,天河北,林和西路153号保利中汇广场3楼301-302铺,刺身头盘,香煎鹅肝,生蚝,8.5,8.6,8.6,准五星商户,id69341808,http://www.dianping.com/shop/69341808
KING大志烤肉(天河分店),1650,216元,日本料理,天河城/体育中心,体育东路六运五街40号,厚切牛舌,极上脑肉,杏仁豆腐,9,8.1,8.4,准五星商户,id22080740,http://www.dianping.com/shop/22080740
Mr Pilot飞行先生(花城汇旗舰店),811,159元,西餐,珠江新城,天河区花城汇中区大龙凤旁直入（P2停车场直入）或天河区珠江西路花城汇中区晚装旁（P2停车场直入）,香草烤土豆,餐前面包配松露黄油,黑松露蘑菇汤,7.9,9,8.5,四星商户,id96497582,http://www.dianping.com/shop/96497582
熹素・健康素食(保利克洛维店),852,86元,素菜,珠江新城,华穗路保利克洛维B座一楼101商铺,铁板腐皮卷,黑松露烩蘑菇意粉,小清新,8.6,9,8.8,准五星商户,id96228996,http://www.dianping.com/shop/96228996
Ebony,920,367元,西餐,天河城/体育中心,天河路389号广州文华东方酒店4楼,半自助晚餐,烟三文鱼沙拉,马卡龙,8.4,9.2,9.1,准五星商户,id8957451,http://www.dianping.com/shop/8957451
探窝汤物料理(区庄店),120,77元,粤菜,区庄/动物园,先烈南路33号华粤酒店1楼,原味椰子鸡,手打虾丸,黑松露,9.1,9,8.9,准五星商户,id99285805,http://www.dianping.com/shop/99285805
DearCake●星座主题蛋糕(白云店),185,273元,面包甜点,白云绿地中心,黄石东路大塘大街COCO大院创意园（原红星锁厂）9栋106铺,双子座专属生日蛋糕,狮子座专属蛋糕,佩佩猪蛋糕,9,9,9.1,五星商户,id33588436,http://www.dianping.com/shop/33588436
爱熙儿Hee Love法式西点,144,215元,面包甜点,珠江新城,兴安路天銮北门A5-1702,钻心椰子风情,8寸榴莲千层,治愈系小爱心,9.1,9.1,9.1,五星商户,id98753856,http://www.dianping.com/shop/98753856
大唐食代・ 精致炭火烤肉,374,95元,韩国料理,珠江新城,兴盛路兴盛汇2层1-17铺,牛小排,特色四拼,特味肥牛,8.9,8.8,9.1,准五星商户,id97086777,http://www.dianping.com/shop/97086777
速度披萨(环球都会广场店),440,77元,西餐,珠江新城,花城大道68号环球都会广场南侧一层,魔鬼甘薯披萨,炸鸡拼盘,面包奶油意粉,8.5,9,8.6,准五星商户,id92481297,http://www.dianping.com/shop/92481297
金K鱼生・生蚝刺身(海珠店),494,113元,粤菜,工业大道,新业路110号,顺德鱼生,澳洲生蚝,椒盐骨腩,9.1,7.3,8.1,准五星商户,id58943717,http://www.dianping.com/shop/58943717
新港・82餐吧,648,122元,创意菜,新港西路,新港西路82号广州轻纺交易园G区G1121铺-地铁中大站-C1出口,虾油鱼籽h薯蓉蛋,美国安格斯牛小排,海鲜烧烤拼盘,8.4,9.1,8.7,准五星商户,id92649782,http://www.dianping.com/shop/92649782
潮汕西桥牛肉店(万盛名家分店),706,78元,粤菜,大石,大石105国道561号万盛名家美食街B1-B6,牛肉,牛肉丸,湿炒牛河,8.7,7.8,8,四星商户,id18075311,http://www.dianping.com/shop/18075311
科芬园西餐厅,6471,212元,自助餐,工业大道,工业大道中222号卡威尔酒店1楼大堂,烤生蚝,哈根达斯,长脚蟹,8.4,9,9,准五星商户,id9198764,http://www.dianping.com/shop/9198764
小原音乐红酒餐吧●精品创意川菜,312,118元,川菜,天河城/体育中心,体育西横街180号,创意刺身拼盘,捞拌花甲,荷包虾仁豆腐,8.8,9.1,8.9,五星商户,id519677,http://www.dianping.com/shop/519677
禄运茶居(体育西店),2969,62元,粤菜,天河城/体育中心,天河体育西路六运一街17号文昌楼2楼,禄运参汤虾饺,脆皮有机红米肠,禄禄椰汁金球,8.4,8.2,8.2,准五星商户,id69810563,http://www.dianping.com/shop/69810563
俏儿蛋糕,582,202元,面包甜点,江南西,江南西路紫金大街20号103房之12,芒果千层蛋糕,水果芝士蛋糕,慕斯蛋糕,9,9,9.1,五星商户,id66342335,http://www.dianping.com/shop/66342335
梓寿司主题餐吧(站前路店),760,99元,日本料理,西村/西场,站前路88号,酱烧三文鱼,特级火灸寿司拼盘,芝士鳗鱼厚切寿司,8.2,8.6,8.1,四星商户,id23074003,http://www.dianping.com/shop/23074003
新大洋家潮汕特色菜?花胶砂锅粥,192,102元,粤菜,天河城/体育中心,天河东路59号,养生花胶粥,蚝仔烙,经典虾蚝粥,8.6,8.3,8.1,准五星商户,id110324287,http://www.dianping.com/shop/110324287
点都德(大茶楼店),7559,71元,茶餐厅,康王路,龙津中路587-589号,金牌虾饺皇,金沙红米肠,香芒夹心椰汁糕,8.8,8.4,8.1,准五星商户,id8846942,http://www.dianping.com/shop/8846942
滋粥楼(番禺广场总店),3380,121元,粤菜,番禺广场,兴泰路与S11交口西200米路北,油条,粥底火锅,黄金油条,8.8,8.7,8.3,准五星商户,id585024,http://www.dianping.com/shop/585024
谁与蒸丰-港式升降蒸汽海鲜火锅(琶醍店),974,169元,火锅,琶洲,阅江西路英博国际啤酒博物馆旁,波士顿龙虾,果园鸡,白贝,8.4,8.1,7.7,四星商户,id59008384,http://www.dianping.com/shop/59008384
成隆行(东山店),915,134元,江浙菜,中山二三路/东山口,庙前直街31号,大闸蟹,小笼包,姜茶,8.8,7.3,7.8,准五星商户,id2006572,http://www.dianping.com/shop/2006572
蛋糕好了●翻糖蛋糕高端定制,141,186元,面包甜点,江南大道,革新路121-4号,彩虹蛋糕,慕斯半翻糖蛋糕,木糖醇无糖蛋糕,9,8.9,9,五星商户,id93368739,http://www.dianping.com/shop/93368739
king大志烤肉(天河北店),601,181元,日本料理,天河北,林和中路天誉花园2期136号111铺,厚切牛舌,极上脑肉,杏仁豆腐,9.1,8.7,8.8,准五星商户,id69310636,http://www.dianping.com/shop/69310636
钓喜海产(中船汇店),1092,216元,日本料理,工业大道,革新路139号中船汇2栋1楼,活鱼刺身,石锅奶酪鳗鱼饭,杂锦天妇罗,8,9,8.4,四星商户,id93736182,http://www.dianping.com/shop/93736182
小团圆・ 小龙虾爱上烤鱼(兴盛汇店),2843,129元,小龙虾,兴盛路/跑马场,珠江新城兴盛路兴盛汇2楼1-8铺,十三香小龙虾,麻辣香锅,鱼鲜味烤鱼,8.1,7.7,7.6,四星商户,id19202467,http://www.dianping.com/shop/19202467
渔千户・深海捕手(北京路店),393,134元,日本料理,北京路,北京南路12号,三文鱼寿司,澳洲生蚝,章红~沙律风,8.5,8.5,9,准五星商户,id93557364,http://www.dianping.com/shop/93557364
白虎自助餐厅,4545,256元,自助餐,长隆,番禺大道长隆旅游度假区长隆酒店2号大堂首层,芝士h生蚝,三文鱼,红虾刺身,8,9,8.4,准五星商户,id519925,http://www.dianping.com/shop/519925
繁・醉花亭小酒馆(体育西店),104,71元,川菜,天河城/体育中心,体育西横街31号,桃花渡,飘香肥牛锅,樱桃醉,8.8,8.9,8.7,准五星商户,id108305409,http://www.dianping.com/shop/108305409
6RAKU CAFE S店(青凤店),109,41元,咖啡厅,江南西,江南西路青凤小区8号101室,粉红星河,樱花,奶酥香草雪糕牛角包,8.3,8.9,8.9,准五星商户,id99094894,http://www.dianping.com/shop/99094894
海晏楼(滨江东总店),5015,112元,粤菜,滨江路,滨江东路1040号江畔华庭2楼,特色葱油飞鱼,鹅肝三拼,白卤水掌亦,8.3,7.4,7.4,四星商户,id13917869,http://www.dianping.com/shop/13917869
BEAMS,422,72元,西餐,珠江新城,冼村街道黄埔大道西188号维家思广场西门1楼183铺BEAMS西餐厅,红丝绒蛋糕,西班牙萨拉米野猪肉肠披萨,漆黑的海底世界,8.4,9.1,9,准五星商户,id93237659,http://www.dianping.com/shop/93237659
拣・JAN(江南西店),1352,81元,西餐,江南西,海珠区紫金大街54号,香煎牛肋条,一口薯皮,罗勒酱烩海鲜圆意粉,8.1,8.2,8.4,四星商户,id90025188,http://www.dianping.com/shop/90025188
摩川日料店,249,103元,日本料理,天河城/体育中心,体育西横街213号101铺,盐烧生牛肉,肥牛寿喜锅,鳗鱼,8.9,8.5,9.1,准五星商户,id97731394,http://www.dianping.com/shop/97731394
伯爵自助餐厅,7162,160元,自助餐,珠江新城,黄埔大道西126号云来斯堡酒店内,三文鱼,煎大虾,冰淇淋,8,9,8.8,四星商户,id6718898,http://www.dianping.com/shop/6718898
Chef House 主厨,658,257元,西餐,滨江路,怡海路190号金麟台首层商铺之三,主厨清酒冰镇海螺,黑松露野菌浓汤配蒜香脆包,韩式烤和牛小牛排配野米,9,8.5,9.1,准五星商户,id32347013,http://www.dianping.com/shop/32347013
拣・JAN(北京路店),676,78元,西餐,北京路,北京路粤海仰忠汇6层B607,香煎牛肋条,香芒蟹肉沙律,罗勒酱海鲜意粉,7.8,8.7,8.2,四星商户,id97601081,http://www.dianping.com/shop/97601081
一宗・深夜食堂(体育西路店),236,115元,日本料理,天河城/体育中心,体育西路48号104室,火山岩烤安格斯牛扒,雪米糍,铁板牛舌,8.4,8.3,8.3,四星商户,id92927495,http://www.dianping.com/shop/92927495
deli&leisure悠乐餐厅(天河城店),6447,98元,创意菜,天河城/体育中心,体育西路天河城购物中心5楼525商铺,焦糖坚果金字塔吐司,香芒拿破仑,越南小食拼盘,8.4,8.8,7.9,四星商户,id17211489,http://www.dianping.com/shop/17211489
三秋桂子・十里荷花(高德冬商场店),1217,118元,江浙菜,珠江新城,珠江东路1216号高德置地广场冬4楼407号,雾淞炸牛奶豆腐,虎跑泉水牛肉,招牌河田鸡,8,9,8.2,四星商户,id79306219,http://www.dianping.com/shop/79306219
一b鸡的诞生(昌岗店),418,27元,家常菜,江南大道,昌岗中路243号地铁昌岗D出口华辉上来2楼右手边,海南椰子香鸡,姜葱酱,太子参乌鸡煲,8.6,7.8,8.3,准五星商户,id93765947,http://www.dianping.com/shop/93765947
传记潮发牛肉店・吃货力荐(北京路店),1025,84元,火锅,北京路,珠光路201-203号,鲜牛丸,吊龙肉,雪花肉,8.7,8.2,8.6,准五星商户,id68924764,http://www.dianping.com/shop/68924764
・原志料理(高德店),1485,141元,日本料理,高德置地/花城汇,珠江新城花城大道85号高德置地春广场负一层自编B03-a,招牌千层鳗鱼饭定食,招牌鳕蟹黄金卷定食,北海道寿司定食,7.9,8,7.8,四星商户,id69616725,http://www.dianping.com/shop/69616725
63 Steak & Burger by Senses(广粤天地店),1832,135元,西餐,珠江新城,珠江新城海风路广粤天地118铺,经典芝士牛肉堡,至尊芝士牛肉煲,泰国老虎虾,8.5,9,8.9,准五星商户,id13467608,http://www.dianping.com/shop/13467608
Over Medium by Senses(K11店),434,112元,创意菜,珠江新城,珠江东路K11艺术购物中心负一楼B116铺,墨尔本的春天Hotcake,班尼迪EggsBenedict,慢煮牛小排SlowcoBeef,7.6,8.6,8.1,四星商户,id98946211,http://www.dianping.com/shop/98946211
巷子炸鸡(棠下店),119,46元,韩国料理,天河公园,棠下儒林大街西八巷2号,蒜香炸鸡,百香果绿茶,薯式四兄弟,9,8.2,8.7,准五星商户,id83460978,http://www.dianping.com/shop/83460978
状元荟烤(白云店),81,65元,烧烤,机场路,棠下南街35号B110房,状元葱香排骨,状元独家腊酸炒饭,状元爆香牛油,9,9,9.1,准五星商户,id102098095,http://www.dianping.com/shop/102098095
筅SEN.日本茶贩拥,911,71元,面包甜点,天河城/体育中心,天河六运三街17号102体育西小区,蕨饼,小山卷,羊羹,8.4,8.4,8.6,准五星商户,id70446391,http://www.dianping.com/shop/70446391
蜀九香(保利中汇一店),9262,146元,火锅,天河北,林和西路153号保利中汇广场3楼,九香千层肚,皇家一号肥牛,鲜黄喉,8.8,9,8.3,准五星商户,id24063758,http://www.dianping.com/shop/24063758
钢管厂五区小郡肝串串香(正佳广场店),660,97元,火锅,天河城/体育中心,天河路228号正佳广场东北中庭4F-4AO23-27号,特色小郡肝,鸳鸯锅底,小郡肝串串,8.5,7.9,8.2,四星商户,id98308006,http://www.dianping.com/shop/98308006
禄运茶居(猎德店),1453,58元,粤菜,珠江新城,珠江新城花城大道84号优托邦1座4楼409-5,脆皮有机红米肠,禄运参汤虾饺,禄禄椰汁金球,8.4,8.4,8.1,四星商户,id93559683,http://www.dianping.com/shop/93559683
东南小馆(香格里拉大酒店),596,279元,东南亚菜,琶洲,会展东路1号香格里拉大酒店2楼,咖喱牛腩,香炸虾饼,香炒老虎虾配香辛芥末酱,8.8,9.2,9.1,五星商户,id22789796,http://www.dianping.com/shop/22789796
广州柏悦酒店悦轩餐厅,526,417元,西餐,珠江新城,珠江新城华夏路16号广州柏悦酒店65层,起泡酒,现煎鹅肝,现场即开生蚝,8.1,9.3,9,准五星商户,id38061547,http://www.dianping.com/shop/38061547
大喜屋(北京路店),1019,94元,日本料理,北京路,教育路1号,法罗三文鱼刺身（厚切）,香烧雪花牛（单串）,芝士三文鱼h卷（四连贯）,8.3,8.4,8.3,四星商户,id95997296,http://www.dianping.com/shop/95997296
金宫西域・新疆风味歌舞主题餐厅,215,102元,新疆菜,珠江新城,猎德大道尚东美御2楼,羊肉串,金宫特色大盘鸡,新疆手抓饭,8.2,9.1,8.7,准五星商户,id97626130,http://www.dianping.com/shop/97626130
小蟹哥,124,375元,日本料理,高德置地/花城汇,珠江东路16号高德置地广场冬广场3楼327号,冻食阿拉斯加蟹拼澳洲水晶蟹,酥炸阿拉斯加蟹腿,冻食时令蟹5点刺身拼,8.7,9.1,9,准五星商户,id96365307,http://www.dianping.com/shop/96365307
串游(天河城店),1832,54元,火锅,天河城/体育中心,六运二街8号中轴线步行街105铺,串串,油碟,掌中宝,8.2,7.4,8.2,四星商户,id58979531,http://www.dianping.com/shop/58979531
华哥新鲜猪什精品,1121,62元,火锅,芳村,翠园道东朗沙洛新村427号,煎粽子,猪X根,嫩滑靓猪红,9,6.9,7.7,准五星商户,id2509105,http://www.dianping.com/shop/2509105
ABC餐吧 -A Brunch & Cafe(北京路店),1509,73元,西餐,北京路,北京路168号粤海仰忠汇二楼A210,泰皇虾仁炒饭,培根芝士吐司,柠檬茶,8.1,8.7,8.2,四星商户,id24763606,http://www.dianping.com/shop/24763606
松林阁・正宗碳火烤肉(远景路店),1898,98元,韩国料理,机场路,远景路韩食汇二楼（肯德基马路对面）,五花肉,调味猪排,调味牛排,8.6,8.7,8.8,准五星商户,id32572627,http://www.dianping.com/shop/32572627
小辉哥大排档・真的不是大排档,90,94元,川菜,中山七八路,光复北路769号,潜江油焖大虾,湖南香辣牛蛙,小辉哥鸡脚王,8.8,8.6,8.6,四星商户,id101520850,http://www.dianping.com/shop/101520850
马扎酒屋(沃凯街店),409,67元,韩国料理,天河北,天河北路460号沃凯街1层,蒜酱无骨鸡块,西柚啤酒,马扎炒年糕,8.6,8.9,8.3,准五星商户,id67785397,http://www.dianping.com/shop/67785397
SIDEWAY RESTAURANT &BAR,1041,123元,西餐,环市东,环市东路412号远洋宾馆一层二铺,低温牛小排配黑松露红酒汁,烤牛肉沙拉,招牌龙虾意大利扁面,8.5,8.8,8.9,准五星商户,id73425814,http://www.dianping.com/shop/73425814
鳗生活の饭(万达店),82,57元,日本料理,万达广场,云城东路白云万达金街398号124铺,鳗不讲理饭,鳗鱼饭,鳗鱼套餐,8.9,8.4,8.8,准五星商户,id102326151,http://www.dianping.com/shop/102326151
牛小灶牛腩牛杂煲(石牌桥店),1184,64元,火锅,石牌/龙口,六运七街33号,牛腩牛杂煲,炸腐竹,牛肉丸牛杂煲,9.1,7.6,8.3,准五星商户,id21121324,http://www.dianping.com/shop/21121324
厝内小眷村,1798,35元,台湾菜,天河城/体育中心,天河南一路100号正佳广场南门对面,小眷村奶茶,招牌红烧牛肉面,涓豆腐奶茶,8.1,8,8.4,四星商户,id92015937,http://www.dianping.com/shop/92015937
NothingHouseo料音乐餐厅,260,131元,西餐,五号停机坪,云霄路353栋五号停机坪G5酒吧街1号馆,老司机牛小排芝士黑炭汉堡,德国猪手,法式烤核桃南瓜汤,8.3,8.4,8.4,四星商户,id92472911,http://www.dianping.com/shop/92472911
大都炭火烤肉(远景路店),673,77元,韩国料理,机场路,远景路132-134号,烤五花肉,炒年糕,石锅拌饭,8.3,8.2,8.4,准五星商户,id4212829,http://www.dianping.com/shop/4212829
大牛焱烧和牛炭火烧放题,934,328元,日本料理,珠江新城,兴国路21号保利中达2号楼106铺,极上厚切牛舌,壶渍牛肋肉,横膈膜,8.7,7.8,8,四星商户,id73401494,http://www.dianping.com/shop/73401494
丁n冰室(北京路店),265,36元,茶餐厅,北京路,广大二巷23号,芝士牛肉蛋治（特）,丝袜奶茶,咸柠七,8.3,8.5,8.4,四星商户,id97688102,http://www.dianping.com/shop/97688102
荼白Twobites,454,55元,面包甜点,天河城/体育中心,体育东路六运三街31号102,椰子凤梨卷,乌龙奶冻卷,白桃乌龙苏打,8.3,8.4,8.3,四星商户,id92239555,http://www.dianping.com/shop/92239555
赵记传承牛奶甜品店(江燕店),367,19元,面包甜点,江南大道,江燕路南珠广场首层8号铺,姜撞奶,牛奶砖,双皮奶,8.3,8.4,8.2,四星商户,id98345458,http://www.dianping.com/shop/98345458
金越轩,4980,67元,东南亚菜,北京路,起义路32号,青瓜花,酸辣无骨凤爪,红烧马鲛鱼,8.3,7.5,7.6,四星商户,id1945300,http://www.dianping.com/shop/1945300
Cocina科奇娜・南美创意料理,386,199元,西餐,琶洲,磨碟沙大道118号琶醍啤酒文化创意园精选楼6楼,牛肉寿司,香滑焦糖鸭肝慕斯,法式鸭肝慕斯,8.5,9.2,9,准五星商户,id77336299,http://www.dianping.com/shop/77336299
COLOR・ FACTORY过气网红经营的沙拉店,52,36元,西餐,珠江新城,花城大道78号-103,黑椒牛肉粒,香甜玉米底,杂锦生菜底盘,8.2,7.8,8.6,四星商户,id110385810,http://www.dianping.com/shop/110385810
美豚biton(珠江新城店),243,119元,日本料理,兴盛路/跑马场,马场路28号富力公园105商铺,美豚名物厚切牛舌,美豚炭烧黑豚肉,和鹅肝,8.9,8.5,8.6,准五星商户,id97911293,http://www.dianping.com/shop/97911293
悦榕庄(穗盐路店),9796,86元,粤菜,芳村,芳村穗盐路口葵逢桥旁,佛跳墙,盐h乳鸽,招牌酱爆豆角,8.5,7.8,7.7,四星商户,id5305218,http://www.dianping.com/shop/5305218
清远鸡全球研究中心(西华所),250,56元,火锅,中山七八路,西华路84号首层,清远鸡项煲,清远骟鸡,炸腐竹,8.9,7.3,8,准五星商户,id98510830,http://www.dianping.com/shop/98510830
本家韩国料理(番禺店),1976,116元,韩国料理,南村,南村镇兴南大道32号北海稻酒店旁边,老白吾桑格,原味牛排肉,五花肉,8.6,9,8.6,准五星商户,id22083535,http://www.dianping.com/shop/22083535
牛●加拿大AAA牛肉放题(广百店),550,115元,自助餐,北京路,西湖路广百新翼9楼2号铺,意大利酸奶冰淇淋（乳酪雪糕）,加拿大牛肉,牛舌,8.5,8.6,8.2,四星商户,id92351137,http://www.dianping.com/shop/92351137
新丁食堂,374,27元,茶餐厅,荔湾区,荔湾路119号之二十二,檬茶,招牌烟肉薯泥,芝士肠仔飞碟,8.2,8.2,9.1,准五星商户,id90424777,http://www.dianping.com/shop/90424777
佬麻雀(富力盈通店),434,86元,湘菜,珠江新城,珠江新城华夏路30号富力盈通大厦五楼,豆浆一锅鲜,老长沙臭豆腐,蛙声一片,8.1,9.1,8.6,四星商户,id96322812,http://www.dianping.com/shop/96322812
巴适站砂锅串串香,250,82元,火锅,环市东,建设五马路2号德安大厦二层206室,鸳鸯锅底,毛肚,一米空运肥牛,8.6,8.5,9,准五星商户,id98444022,http://www.dianping.com/shop/98444022
至正小菜(K11店),422,123元,粤菜,珠江新城,珠江东路6号K11艺术购物中心五楼,古法酱焖猪手,至正煎蚝烙,宫爆咕噜肉,7.7,8.8,8.1,四星商户,id101937385,http://www.dianping.com/shop/101937385
汕头八合里海记牛肉店(岗顶店),533,82元,火锅,石牌/龙口,岗顶龙口西路3号保利中辰广场自编1号铺2楼,手捶牛肉丸（生丸）,匙肉,五花趾,8.7,8.3,8.2,准五星商户,id93101885,http://www.dianping.com/shop/93101885
江户日本料理,1693,388元,日本料理,高德置地/花城汇,珠江新城华夏路8号合景国际金融广场3楼,刺身,芝麻雪糕,海胆,8.5,9.1,8.9,准五星商户,id4512559,http://www.dianping.com/shop/4512559
木屋烧烤(岗顶店),4891,79元,烧烤,石牌/龙口,中山大道西18号明轩大厦首层,烤湛江生蚝,烤茄子,烤羔羊肉串,8.3,8.1,8,四星商户,id23902010,http://www.dianping.com/shop/23902010
ILPONTE意畔意大利餐厅,900,208元,西餐,天河北,林和西横路215号希尔顿酒店2楼,厨师长披萨,碳烤牛排,提拉米苏,8.4,9.3,9.2,准五星商户,id5308269,http://www.dianping.com/shop/5308269
京味民福烤鸭店(北京烤鸭),2419,89元,其他美食,环市东,建设四马路19号天伦花园A座,精品烤鸭半只,老北京酸奶,本店看家肘子,8.3,8.2,8.1,四星商户,id59198469,http://www.dianping.com/shop/59198469
SigmaCoffee ● 我会选择的咖啡,338,25元,咖啡厅,天河城/体育中心,天河中心天河南一路六运三街11号,拿铁,西达摩咖啡,可露丽,8.3,8.4,8.6,四星商户,id67457436,http://www.dianping.com/shop/67457436
香港聚强佛跳墙(远景路总店),387,70元,粤菜,机场路,远景路18号F4号铺,聚强佛跳墙,佛跳墙,家乡卷粉,8.6,7.8,8.4,四星商户,id92712502,http://www.dianping.com/shop/92712502
广州酒家(越华路店),7586,124元,粤菜,北京路,越华路112号珠江国际大厦5-6楼,虾饺,一品海皇三宝拼,金沙红米肠,8.6,8.9,7.9,四星商户,id5273761,http://www.dianping.com/shop/5273761
Beeplus(IFC国际金融中心店),59,52元,咖啡厅,珠江新城,珠江西路5号IFC11楼,洞庭湖碧螺春,焦糖红茶拿铁,冷萃咖啡,8.2,8.8,8.5,准五星商户,id98341431,http://www.dianping.com/shop/98341431
B地食堂?一虎(正佳广场店),1398,76元,日本料理,天河城/体育中心,天河路228号正佳广场西门负一楼B013号,鳗鱼饭,牛肉S,s\海r,7.7,7.7,8,四星商户,id96506013,http://www.dianping.com/shop/96506013
SS鱼生饭の专门店(体育西店),1389,103元,日本料理,天河城/体育中心,天河南一路94号102首层,活海胆,法兰西鹅肝,响SS,8.5,8.2,9,准五星商户,id66078618,http://www.dianping.com/shop/66078618
Pizza Marzano玛尚诺(天环广场店),2292,118元,西餐,天河城/体育中心,天河路218号天环广场B1层B116铺,香烤鸡翅,阿尔巴披萨,牛油果鸡肉沙拉,8.3,8.8,8.9,准五星商户,id59142663,http://www.dianping.com/shop/59142663
洞庭・佬麻雀(中山八路分店),1723,72元,湘菜,中山七八路,中山八路10号,干锅手撕包菜,剁椒鱼头,豆浆一锅鲜,8.2,9,8.5,准五星商户,id519257,http://www.dianping.com/shop/519257
高卡一番日本料理(乐峰广场店),350,98元,日本料理,工业大道,工业大道103号21号铺,芝士牛舌,杂锦鱼生饭,三色刺身A,8.7,8.6,9.1,准五星商户,id95031020,http://www.dianping.com/shop/95031020
樾・Red Chilli by Senses 越泰料理,636,123元,东南亚菜,珠江新城,珠江新城清风街广粤天地首层30、32铺,香芒糯米饭,安南青柠叶烤鸡,咖喱椰汁牛腩,8,9,8.1,四星商户,id66606845,http://www.dianping.com/shop/66606845
433生活馆,265,71元,创意菜,荔湾区,恩宁路永庆坊21号2楼西关培正小学附近,甜心披萨,牛小排,焦糖布丁,8,9,8.3,准五星商户,id97524300,http://www.dianping.com/shop/97524300
KnotKnot珞珞,437,53元,面包甜点,珠江新城,珠江东路6号K11购物艺术中心负一层B119号铺,珞珞?草莓盛宴,宇治抹茶心太软,雪白卷,7.8,8,8,四星商户,id98276605,http://www.dianping.com/shop/98276605
牛小灶牛腩牛杂煲(体育西店),3042,64元,粤菜,天河城/体育中心,体育西横街12号,牛腩牛杂煲,炸腐竹,牛骨牛杂锅,8.7,7.7,8.3,准五星商户,id23616675,http://www.dianping.com/shop/23616675
小龙坎老火锅(正佳店),1370,132元,火锅,天河城/体育中心,天河路228号正佳广场三楼东街3A020-5、7铺,毛肚,冰球鹅肠,虾滑,8.3,8.5,7.9,四星商户,id92585421,http://www.dianping.com/shop/92585421
世外江湖艺术主题餐吧(江南坊店),2183,92元,川菜,江南大道,昌岗东路252号江南坊6层,酸菜鸭嘴鱼,猕猴桃果酒,酸菜鱼,8.2,9,8.4,四星商户,id23094029,http://www.dianping.com/shop/23094029
延东烤串(杨箕店),213,97元,烧烤,东风东/杨箕,内环路杨箕村A座202,秘制烧烤串,现串羊排肉串,五花肉金针菇,8.4,8.6,8.2,四星商户,id96537237,http://www.dianping.com/shop/96537237
RIBS乐排馆(香格里拉大酒店),562,520元,西餐,琶洲,会展东路1号广州香格里拉大酒店2楼,传统美国烧烤背小排,和牛牛腩,香煎鸭肝,8.9,9.2,9.2,五星商户,id22179290,http://www.dianping.com/shop/22179290
稣食铺(北京路店),6142,78元,日本料理,北京路,惠福东路429号,稣食拉丝薯泥,稣食十二贯,爆脆蜂蜜芥末鸡扒,8.4,7.9,8,四星商户,id22143690,http://www.dianping.com/shop/22143690
四海一家(万博中心店),23654,150元,自助餐,南村,南村镇迎宾路万博中心A2栋1-2楼,三文鱼刺身,碳烧生蚝,明治雪糕,7.3,7.9,7.3,准四星商户,id520725,http://www.dianping.com/shop/520725
上一笼(捷登都会店),2808,77元,江浙菜,北京路,中山五路70号捷登都会3层,南翔小笼包,花雕醉鸡,上海葱油拌面,8.2,8.5,7.9,四星商户,id41292434,http://www.dianping.com/shop/41292434
TSUJIRIy利茶铺日本茶(天河城店),265,44元,面包甜点,天河区,天河路208号,招牌y利蛋糕卷,戚风蛋糕抹茶圣代,抹茶雪糕,8.4,8.1,8.1,四星商户,id98833626,http://www.dianping.com/shop/98833626
大龙D火锅(珠江新城店),1344,155元,火锅,珠江新城,猎德大道31号,空运大刀毛肚,黑椒嫩牛排,鲜鸭肠,8.6,8.7,8.3,四星商户,id22987445,http://www.dianping.com/shop/22987445
圆环小栈,916,25元,台湾菜,中山二三路/东山口,较场西路11号,台湾卤肉饭,木瓜牛奶,冰仙草,8.7,7.6,8.4,准五星商户,id6213019,http://www.dianping.com/shop/6213019
家香・鸡煲与鱼生(北京路店),396,73元,粤菜,北京路,文德路37号,脆皮鸡煲,红焖?鸡煲,海鲜?大杂烩?鸡煲,8.8,7.2,8,四星商户,id57236390,http://www.dianping.com/shop/57236390
ATLAS Kitchen 寰图厨房(雅居乐中心店),473,127元,西餐,珠江新城,华夏路26号雅居乐中心三楼,牛油果吞拿鱼石锅饭,冬阴功海鲜意粉,烟三文鱼凯撒沙拉,8.1,9.1,8.2,四星商户,id77454085,http://www.dianping.com/shop/77454085
熹雀冰室(长堤店),115,23元,茶餐馆,海珠广场,长堤大马路316号广州民间金融大厦首层101-2,招牌奶茶,冻柠茶,综合奶酱鸡蛋仔,8.2,8.2,8.5,准五星商户,id97411789,http://www.dianping.com/shop/97411789
小禅日本料理,770,120元,日本料理,天河北,体育西路191号中石化大厦一楼平安银行隔壁石狮子下楼梯即可,秋刀鱼卷,三文鱼生,芝士鸡蛋卷,8.6,9,8.9,准五星商户,id75095454,http://www.dianping.com/shop/75095454
W酒店标帜餐厅,4512,295元,自助餐,珠江新城,珠江新城冼村路26号W酒店2楼,刺身,雪糕,甜点,7.7,8.8,8.6,四星商户,id9081108,http://www.dianping.com/shop/9081108
一拉面(林和中贰店),1071,50元,日本料理,天河北,林和中路136号天誉花园2期首层,一龙拉面,芥末章鱼,一龙炸鸡块,8.3,8.5,8.9,准五星商户,id66710311,http://www.dianping.com/shop/66710311
点都德(名都楼),4298,70元,茶餐厅,江南西,江湾路156号中海名都东门,金牌虾皇饺,红米肠,靓油条,8.8,8.4,8,准五星商户,id18230700,http://www.dianping.com/shop/18230700
IYAN.H定制马卡龙蛋糕,22,375元,面包甜点,高德置地/花城汇,华强路2号2808号,狗狗法式慕斯蛋糕,马卡龙礼盒装,数字蛋糕单位数,7.8,7.8,7.8,四星商户,id98789756,http://www.dianping.com/shop/98789756
阿一鲍鱼(天河北旗舰店),2394,54元,粤菜,天河北,天河北路439号嘉怡苑二座1-2楼,红焖鲍鱼,砂锅红烧鲍参翅肚羹,燕窝蛋挞,8.6,8.2,8.5,准五星商户,id580743,http://www.dianping.com/shop/580743
猫儿山・猫主题休闲餐厅(北京路店),2181,65元,西餐,北京路,万福路241号,灯泡花茶,小吃拼盘,秘制烤翅,7.9,8.7,8.6,准五星商户,id65822908,http://www.dianping.com/shop/65822908
盛-和L崾(捷登都会店),838,130元,日本料理,北京路,中山五路70号捷登都会5层,咖哩火山滑蛋i扒,F板牛油hё,牛肉汤乌冬,7.8,7.6,8,四星商户,id69135499,http://www.dianping.com/shop/69135499
Cafe 107意式小馆(中石化大厦店),1428,273元,西餐,天河北,天河北街1号107铺,玛格丽特披萨,意式手作肉丸意大利面,凯撒沙拉,8.3,8.3,8.7,四星商户,id2783896,http://www.dianping.com/shop/2783896
Kitchen More 主厨大使馆北欧餐吧,812,60元,西餐,工业大道,环岛路大阪仓1904创意产业园,威灵顿牛排份,黑松露蘑菇汤,天空之城,7.8,8.9,8.6,四星商户,id68050941,http://www.dianping.com/shop/68050941
点都德(海燕楼),3630,26元,茶餐厅,工业大道,工业大道中361号雅致花园商业裙楼首层(工业大道中和江燕路交界处),金沙红米肠,虾饺,金牌靓油条,8.7,8.5,7.9,准五星商户,id23437713,http://www.dianping.com/shop/23437713
Mocha甜厨,897,110元,面包甜点,江南西,江南西路紫山大街9号103商铺,桃胶椰皇冻,榴莲芒返2.0,泰国椰皇冻,8,8,8.3,四星商户,id21173229,http://www.dianping.com/shop/21173229
万豪酒店CityBistro都会尚膳自助餐(正佳广场店),2763,256元,自助餐,天河城/体育中心,天河路228号正佳广场万豪酒店5楼,三文鱼,考生蚝,哈根达斯,7.9,8.7,8.6,四星商户,id5890862,http://www.dianping.com/shop/5890862
小佩服海鲜PA,314,148元,海鲜,珠江新城,兴盛路17号兴盛汇首层G23,生蚝,小佩服海鲜拼盘,臻品虾滑,8.8,8.9,9,准五星商户,id96266442,http://www.dianping.com/shop/96266442
珠・火塘餐厅(南村店),190,76元,其他美食,南村,南村兴业大道宏信装饰材料城7栋111号,石板糯米鸭,手抓饭,景颇柠檬鬼鸡,8.5,9.1,8.5,准五星商户,id90889842,http://www.dianping.com/shop/90889842
R.kafe咖啡厅,82,33元,咖啡厅,车陂/东圃,中山大道西899号凯尔卡顿大酒店首层大堂内,海盐蛋糕,爆浆可可云顶蛋糕,抹茶毛巾卷,8.5,8.8,8.9,准五星商户,id98329433,http://www.dianping.com/shop/98329433
侯斯顿海鲜主题餐吧,1232,140元,西餐,琶洲,阅江西路珠江琶醍啤酒文化创意艺术A区118-90号二楼,魔鬼马赛汤深海鱼,战斧牛扒,火焰烤春鸡,8.4,8.9,8.5,准五星商户,id20716199,http://www.dianping.com/shop/20716199
贰8・粟,2221,102元,西餐,江南西,江南西路江南汇润汇大厦2楼2007,苹果木烧雪花牛,深海墨鱼汁意粉,芝士h三色薯泥,8.2,8.7,8,四星商户,id32869615,http://www.dianping.com/shop/32869615
蛙来哒炭烧牛蛙(正佳广场店),112,84元,湘菜,天河北,天河路正佳购物广场F5-5B043号商铺,炭烧牛蛙紫苏味平锅,炭烧牛蛙黑椒蚝油味平锅,可乐鸡翅,8.4,7.9,8,四星商户,id102200163,http://www.dianping.com/shop/102200163
98农庄●网红竹筒菜饭店,94,58元,粤菜,芳村,穗盐东路凤溪村423号,竹筒鸡枞菌蒸走地鸡,竹筒蒜蓉蒸丝瓜,竹筒剁椒蒸鱼头,7.9,7.1,7.5,四星商户,id93098506,http://www.dianping.com/shop/93098506
佬麻雀(白云汇店),1009,65元,湘菜,黄石,黄石东路88号白云汇广场5层自编号506号,豆浆一锅鲜,臭豆腐,泰国香米鱼汤饭,8.3,9.2,8.6,准五星商户,id93519260,http://www.dianping.com/shop/93519260
拣・鲜椒鱼,129,79元,川菜,中山七八路,荔湾路动感小西关YES梦想影城,能喝的鲜椒鱼,绝色糖醋里脊,酸汤肥牛,8.5,9.1,8.5,四星商户,id102090136,http://www.dianping.com/shop/102090136
king大志烤肉|黑毛牛ｉT店(环市东店),1426,39元,烧烤,环市东,华乐路38号广怡大厦2楼,厚切牛舌,特上脑肉,极上厚切腹肉,8.8,8.4,8.3,准五星商户,id23917626,http://www.dianping.com/shop/23917626
大开沙界(太阳新天地店),358,83元,粤菜,兴盛路/跑马场,马场路36号太阳新天地5层,自选沙拉,烟熏三文鱼,酸奶紫薯捞,8.4,8.8,8.6,准五星商户,id69454935,http://www.dianping.com/shop/69454935
悦榕庄(白云旗舰店),3825,17元,粤菜,同和/京溪,同泰路63号,佛跳墙,炒陈村粉,招牌酱爆豆角,8.3,8.1,7.8,四星商户,id17856326,http://www.dianping.com/shop/17856326
诸锣记烤串(兴盛路店),78,52元,烧烤,珠江新城,兴盛路风情街G21号,烤茄子,烤榴莲,五花肉,8.3,7.7,7.8,四星商户,id103009225,http://www.dianping.com/shop/103009225
OFF Coffee&Bar,953,63元,咖啡厅,环市东,越秀区环市东路351号近二十一中学牌坊,杂莓苏打,竹炭抹茶卷,招牌粒粒紫薯卷,7.4,8.4,7.6,四星商户,id95952798,http://www.dianping.com/shop/95952798
Perma Bistro汩T,209,55元,西餐,珠江新城,珠江东路珠江新城K11商场B208,招牌可颂,抹茶可颂,苹果批,8.1,8.8,8.4,四星商户,id101939697,http://www.dianping.com/shop/101939697
猫主题吴止猫餐厅more than meow(公馆店),8090,65元,西餐,江南西,江南大道江南东路55号之3,盆栽奶茶,泰汁鸡扒,日式鳗鱼饭,7.7,8.5,8.3,四星商户,id18705098,http://www.dianping.com/shop/18705098
AMAZING私房菜,84,47元,创意菜,江南西,江南西路青凤大街6号102,招牌柠檬茶,奶油猪,炸芋丸,7.8,8.3,8.3,四星商户,id96633122,http://www.dianping.com/shop/96633122
黄七姑烧仙草(天河南店),100,21元,面包甜点,天河城/体育中心,天河南一路104号,仙草,红豆,芝士火龙果,8.5,8.6,9,四星商户,id108108036,http://www.dianping.com/shop/108108036
和川居酒屋炉端烧・海鲜酒场,127,158元,日本料理,南村,南村镇万博四路中铁诺德中心天街206号,白贝,炉端烧,海螺,8.5,8.8,8.8,准五星商户,id97988350,http://www.dianping.com/shop/97988350
川椒客・文艺新川菜,60,62元,川菜,东风东/杨箕,中山一路28号之五,酸菜鲈鱼,麻辣香锅田鸡,酸菜鱼,8.9,8.4,8.4,准五星商户,id103668151,http://www.dianping.com/shop/103668151
四季京味烤鸭店(猎德店),535,119元,其他美食,天河区,珠江新城花城大道86号优托邦2座4楼地铁5号线猎德站A出口,酥香嫩烤鸭,京城驴打滚,贝勒烤羊肉,8.1,8.2,8,四星商户,id91960746,http://www.dianping.com/shop/91960746
水木蔬食(北京路广百店),788,79元,素菜,北京路,西湖路18号广百9楼,黑松露菌菇煲,菠萝咕噜猴头菇,牛油果三色藜麦,7.9,8.8,7.9,四星商户,id93517224,http://www.dianping.com/shop/93517224
泰靓(凯德广场・ 云尚店),3007,86元,东南亚菜,白云绿地中心,云城西路890号凯德广场・云尚5楼,当柠檬爱上鸡,泰靓咖喱皇大虾,冬荫功海鲜汤,8.1,8.8,8.2,四星商户,id54366261,http://www.dianping.com/shop/54366261
汕头濠江海鲜风味馆(德政北路店),2921,79元,粤菜,北京路,德政北路403号,潮州砂锅粥,烧花甲,卤水拼盘,8.1,7.2,7.4,四星商户,id19574807,http://www.dianping.com/shop/19574807
姜虎东白丁烤肉(珠江新城店),4307,113元,韩国料理,珠江新城,兴盛路兴盛汇三层,五花肉,芝士玉米,猪颈肉,8,7.5,7.6,四星商户,id19378025,http://www.dianping.com/shop/19378025
狎鸥亭韩国料理,935,54元,韩国料理,天河城/体育中心,天河南一路92号103户,奶酪鸡蛋卷,土豆沙拉,五花肉,7.5,7.2,7.4,准四星商户,id68171987,http://www.dianping.com/shop/68171987
俐盈韩国料理,527,47元,韩式料理,天河城/体育中心,六运三街25号,小菜,韩式拌饭,芝士鸡蛋卷,8.1,7.7,7.9,四星商户,id71018939,http://www.dianping.com/shop/71018939
外婆家韩国烤肉(远景路店),1949,92元,韩式料理,机场路,远景路173号,烤五花肉,原味牛扒,猪颈肉,8.2,7.8,8.3,四星商户,id17181998,http://www.dianping.com/shop/17181998
九尾壶炭火烤肉(远景路店),2123,92元,韩式料理,机场路,远景路140号,九尾壶排骨肉,五花肉,九尾狐调味护心肉,8.7,7.9,8.3,准五星商户,id18093484,http://www.dianping.com/shop/18093484
麻蒲碳烤肉(2号店远景路店),344,83元,韩式料理,机场路,远景路万方园首层138号,护心肉,五花肉,麻浦招牌护心肉,8.7,7.7,8.1,四星商户,id69645776,http://www.dianping.com/shop/69645776
春夏秋冬韩国料理店,1499,106元,韩式料理,兴盛路/跑马场,兴盛路11号兴盛会3楼2-8铺,烤调味猪颈肉,炒年糕,春夏秋冬冷面,8.4,8.1,8.1,四星商户,id5857291,http://www.dianping.com/shop/5857291
首尔家韩国料理烤肉,1797,67元,韩式料理,中山七八路,中山八路16-10,五花肉,调味牛排,石锅拌饭,8.3,8,8.7,四星商户,id20673597,http://www.dianping.com/shop/20673597
永利茶餐厅,37,22元,茶餐馆,中山七八路,广州荔湾区人民北路775号,港式柠檬茶,杂锦桂林米粉,番茄牛肉饭,7.9,7.4,7.6,四星商户,id104707464,http://www.dianping.com/shop/104707464
米克小馆 Mykonos Taverna(希腊风味餐吧),2375,77元,西餐,江南西,江南西路润汇大厦首层后街1036号,最牛的拼盘,柠檬牛油汁香煎帆立贝,圣托里尼岛,8.1,8.1,8.4,四星商户,id58940311,http://www.dianping.com/shop/58940311
鸟剑居酒屋(十号店),557,177元,日本料理,天河北,紫荆街3号-1,烤牛舌,沙拉,烤五花肉,8.6,8.4,8.4,准五星商户,id23524176,http://www.dianping.com/shop/23524176
白云宾馆祥云西餐厅,2624,203元,自助餐,小北/淘金,环市东路367号,鹅肝炒雪糕,挪威三文鱼刺身,炭烧澳洲和牛,8.4,9,9.1,准五星商户,id18496765,http://www.dianping.com/shop/18496765
7号主场,449,205元,西餐,五羊新城,达道路保安前街3-5号,冬阴功,冰火鹅肝,清迈青柠鲈鱼,7.6,9.1,8.7,四星商户,id21271323,http://www.dianping.com/shop/21271323
正在司康・咖啡司康专门店,90,63元,咖啡厅,南村,南村镇万博四路68号裙楼419,乱乱司康,清椰咖啡,手作传统司康,8.4,9,9.1,准五星商户,id98152786,http://www.dianping.com/shop/98152786
Bravo精酿啤酒餐吧,210,100元,西餐,珠江新城,华就路保利・108公馆114-115号铺,生啤,意式香辣啤酒烤海鲈鱼,炙烤美国牛肉串,8.6,8.9,9,准五星商户,id65945088,http://www.dianping.com/shop/65945088
广州酒家(文昌店),13894,108元,粤菜,上下九,文昌南路2号,虾饺,经典文昌鸡,酱皇豉香蒸凤爪,8.2,8,7.2,四星商户,id516983,http://www.dianping.com/shop/516983
花涧酒,1043,97元,日本料理,天河城/体育中心,天河南一路六运二街9号104铺,一品牛舌,鳗鱼饭,梅酒,8.3,8.3,8.7,四星商户,id67622501,http://www.dianping.com/shop/67622501
龙庭L厨・海派粤式融合菜(广州分店),890,208元,粤菜,北京路,越华路112号珠江国际大厦4楼,鲍汁花生煞镒,即烧挂炉沙溪米鸭,龙虾汤包,8.7,9.1,8.9,准五星商户,id9968874,http://www.dianping.com/shop/9968874
蛙星座炭烧牛蛙(花城汇中区店),400,64元,火锅,珠江新城,珠江东路花城汇中区负一层佰利美食广场A01铺,金牌紫苏味牛蛙,鲜嫩原汁味,炭烤牛蛙腿,8.4,8.6,8.4,准五星商户,id96114047,http://www.dianping.com/shop/96114047
木屋烧烤(润政广场店),1000,71元,烧烤,江南大道,江燕路37号润政广场一楼,烧生蚝,烤茄子,烤鸡脆骨,8.2,8.2,7.9,四星商户,id81850383,http://www.dianping.com/shop/81850383
劲茶研究室,47,19元,面包甜点,东风东/杨箕,杨箕村富力东山新天地泰兴直街43号首层105,芝士鲜莓果,鲜杯蜜桃,劲茶柠檬茶,9.1,8.6,8.8,五星商户,id102340291,http://www.dianping.com/shop/102340291
小龙坎老火锅(珠江新城店),3426,142元,火锅,珠江新城,珠江新城兴盛路兴盛汇15号2层1-15号,极品鲜毛肚,极品鲜鹅肠,极品虾滑,8.3,8.4,8.1,四星商户,id65388025,http://www.dianping.com/shop/65388025
183 Cafe居酒屋,143,81元,日本料理,天河城/体育中心,体育东横街28号101室,蒲烧鳗鱼饭,黄油酱爆元贝,火焰蟹棒盖饭,8.5,9,9,准五星商户,id97956479,http://www.dianping.com/shop/97956479
木禾居(富力海珠城广场店),900,40元,日本料理,江南西,富力海珠城A区负2层,帝皇蟹脚4.5条,猴赛雷盖饭,炙烧鲑鱼皮盖饭配饮品,8.4,7.7,8.7,四星商户,id58542410,http://www.dianping.com/shop/58542410
木屋烧烤(圣地店),4508,70元,烧烤,同和/京溪,广州大道北1421号圣地大夏首层137铺,烤湛江生蚝,秘制羔羊排,烤茄子,8.5,8.5,8.4,准五星商户,id22521597,http://www.dianping.com/shop/22521597
广州柏悦酒店・悦厅,381,260元,咖啡厅,珠江新城,珠江新城华夏路16号富力盈凯广场广州柏悦酒店65层,水晶鲜虾饺,周末早午餐,鲜榨果汁,8.2,9.1,8.6,准五星商户,id38061576,http://www.dianping.com/shop/38061576
四面王泰式拉面(花城汇店),763,58元,东南亚菜,珠江新城,冼村街道花城广场珠江东路30号东花城汇南区B1层C01,冬阴功王海鲜面,娘惹糕,泰国进口椰青,8.3,8.4,8.4,四星商户,id92029034,http://www.dianping.com/shop/92029034
广州圣丰索菲特全自助餐厅,1152,273元,自助餐,天河北,广州大道中988号广州圣丰索菲特大酒店2楼,三文鱼,芝士生蚝,甜品一流,8,9,8.7,四星商户,id5229408,http://www.dianping.com/shop/5229408
兰桂坊珍味馆(沙面分店),15602,84元,粤菜,沙面,沙面南街自编7号翠洲园内,红烧乳鸽,椰汁木瓜炖雪蛤燕窝,榴莲薄饼,8.3,7.7,7.2,四星商户,id2491024,http://www.dianping.com/shop/2491024
稻香酒家(天河城店),1075,94元,粤菜,天河城/体育中心,天河路208号天河城L7楼,稻香鲜虾饺,老坛凤爪,蜜汁蛋散,7.8,8.1,7.7,四星商户,id2077297,http://www.dianping.com/shop/2077297
串小吉・星光下的屋顶(机场路店),155,70元,烧烤,机场路,机场路水边街中国银行对面三楼天台上,招牌霸王串,私房羊排,鱼豆腐,9,8.5,8.7,准五星商户,id24948349,http://www.dianping.com/shop/24948349
秋田日本料理(天河南二路店),2414,109元,日本料理,天河城/体育中心,天河南二路19-21号宏发大厦首层东门,三文鱼刺身,火炙蟹棒寿司,鳗鱼寿司,8.8,8.2,8.4,准五星商户,id32526514,http://www.dianping.com/shop/32526514
松哥油焖大虾(兴盛路店),223,168元,小龙虾,珠江新城,兴盛路2楼,招牌油焖大虾,蒜蓉小龙虾,松哥招牌油焖大虾,8.4,8.4,8.4,四星商户,id98231261,http://www.dianping.com/shop/98231261
大龙D火锅(汇坊店),1821,148元,火锅,石牌/龙口,天河东路75号汇坊2层,黑椒嫩牛排,空运鲜鸭肠,空运毛肚,8.1,8.6,8.4,四星商户,id69198617,http://www.dianping.com/shop/69198617
炼肉烧(天汇广场igc店),353,64元,烧烤,珠江新城,兴民路222号天汇广场igc四层L413FOODSQUARE内A08铺,河童帆立贝,九尾牛肋条烧肉饭,牛舌,7.9,7.8,7.6,四星商户,id79223432,http://www.dianping.com/shop/79223432
竹田・特色清润冬瓜盅(洛溪店),320,71元,粤菜,洛溪,渔人码头北环路a8-9号铺,冬瓜盅,竹田特色鸡煲,招牌鸡煲,8.4,8,8.4,准五星商户,id75164724,http://www.dianping.com/shop/75164724
BE BRIGHT CAFFE(林乐路店),511,68元,咖啡厅,天河北,林乐路59号,招牌优格杯,芝士蘑菇鲜虾意大利面,草莓忌廉华夫饼,8.3,8.5,8.5,四星商户,id68950801,http://www.dianping.com/shop/68950801
诸锣记烤串(建六店),1454,94元,烧烤,小北/淘金,建设六马路一建大厦旁,烤生蚝,烤榴莲,金针菇,8,7.9,7.8,四星商户,id83593278,http://www.dianping.com/shop/83593278
顺德・牛牛花粥(车陂店),147,64元,火锅,车陂/东圃,中山大道中90号高地大厦金泰酒店3楼,吊烧鸡,牛花肉,牛展,8.4,8.2,8.6,准五星商户,id110411684,http://www.dianping.com/shop/110411684
清真・高原姑娘手工拉面(凯德广场・云尚店),1044,36元,西北菜,白云绿地中心,云城西路890号凯德广场・云尚B1楼,牛肉拉面,羊肉串,老酸奶,8.9,8.8,8.2,准五星商户,id56908030,http://www.dianping.com/shop/56908030
丘大6仔记,3008,55元,粤菜,滨江路,滨江东路525号海琴湾商铺二楼,羊城鲜虾饺,手打羊肉烧卖,潮式卤凤爪,8.2,7.3,7.4,四星商户,id27058682,http://www.dianping.com/shop/27058682
吴番婆沙茶面(龙口西路店),58,23元,快餐简餐,石牌/龙口,龙口西路56号,海蛎,沙茶面,老蛏,7.7,7.7,8.1,四星商户,id102764700,http://www.dianping.com/shop/102764700
陶然轩(二沙岛店),1797,119元,粤菜,沿江路/二沙岛,二沙岛11区晴波路15号,陶然轩虾饺皇,墨鱼汁炒河粉,灌汤小笼包,8.3,9,7.9,四星商户,id5446423,http://www.dianping.com/shop/5446423
传记潮发牛肉店・吃货力荐(芳村店),468,77元,火锅,芳村,穗盐路5号F座首层,鲜牛丸,吊龙肉,牛腩,9,9,8.7,准五星商户,id66332361,http://www.dianping.com/shop/66332361
蔬稻 Soodle(凯华国际店),30,120元,素菜,珠江新城,凯华国际中心1层,熔岩慢煎菇扒,松露菌菇汤,南瓜桃胶露,8.4,8.8,8.4,四星商户,id97604636,http://www.dianping.com/shop/97604636
白云宾馆意大利餐厅,1808,174元,西餐,小北/淘金,环市东路367号白云宾馆30楼,焦糖布丁,澳洲和牛,黑松露浓汤,8.9,9.1,9,五星商户,id2873767,http://www.dianping.com/shop/2873767
为什么牛现切牛肉火锅(丽影广场店),132,76元,火锅,客村/赤岗,新港中路丽影商业广场A区首层A1/003号铺,精品全牛宴,炸腐皮,草菇牛肉丸,8.5,8.7,8.6,准五星商户,id98817308,http://www.dianping.com/shop/98817308
蛙来哒炭烧牛蛙(富力海珠城广场店),286,84元,湘菜,江南大道,江南大道中路富力海珠城B区5楼510-511,紫苏味牛蛙泡锅,烤鸡翼,鸡汤菌菇泡牛蛙,8.2,8.3,8.3,四星商户,id98390666,http://www.dianping.com/shop/98390666
金越轩(江南坊店),291,65元,东南亚菜,江南西,昌岗东路江南坊2F-201铺,蒜茸炒青瓜花,石锅烧排骨,越式拼盘,8,8.2,7.7,四星商户,id98506363,http://www.dianping.com/shop/98506363
星悦西厨,1998,65元,西餐,上下九,宝源路108号,烩咸蛋奶油鲜虾意大利面,巨无霸西朗牛扒,肉眼扒,8,8.6,8.5,四星商户,id27191608,http://www.dianping.com/shop/27191608
兰桂坊珍味馆(沙面总店),2105,97元,东南亚菜,沙面,荔^沙面南街5号,红烧乳鸽,椰汁木瓜炖雪蛤,烧乳鸽,8.3,8,7.9,四星商户,id518011,http://www.dianping.com/shop/518011
肉人日式烤肉ｉT店,423,162元,日本料理,天河城/体育中心,体育东横街25号之三A糖烟酒隔壁,厚切牛舌,肥牛饭,雪花钻石牛肉粒,8.8,7.9,8.3,四星商户,id75634430,http://www.dianping.com/shop/75634430
Lvsa-Lvsi滴金(时尚天河商业广场店),1344,58元,西餐,时尚天河,天河路299号时尚天河商业广场东区东二街B1层,罗勒肠Q面,土豆泥,德国乳酪肉肠,8.8,7.8,8.4,准五星商户,id20850365,http://www.dianping.com/shop/20850365
TimesKitchen鎏金厨房(喜悦天地店),1175,92元,西餐,市桥,光明北路223号喜悦天地2层,低匾豢谂,慢煮美式牛板腱,芝士虾簿饼,8.6,8.7,8.8,准五星商户,id66255523,http://www.dianping.com/shop/66255523
SOE CAFE・同W咖啡^,42,36元,咖啡厅,江南西,昌岗中路135号之1首层自编3-4号,拿铁咖啡,奥利奥咸奶油蛋糕卷,抹茶留心卷,8.6,8.7,8.7,准五星商户,id103674492,http://www.dianping.com/shop/103674492
The Happy Monk(侨鑫店),469,125元,西餐,珠江新城,金穗路62号侨鑫国际中心首层101铺,英式炸鱼薯条,新西兰青口,快乐小吃拼盘,8,8.9,8.2,四星商户,id77231713,http://www.dianping.com/shop/77231713
Happiness小幸运・粤菜创意菜(北京路店),1506,74元,创意菜,北京路,北京路238号名盛广场首夹层C区,绿巨人炒饭,三色虾饺,龙须芥蓝,7.6,8.2,7.5,准四星商户,id93272698,http://www.dianping.com/shop/93272698
MansionC 曼森思餐厅,204,131元,西餐,中山二三路/东山口,中山三路东平大马路3号,烟熏顶级牛小排,法式黄芥末烤羊架,蜂蜜芥末酱鸡肉牛油果沙律,8.3,8.6,8.2,四星商户,id98329022,http://www.dianping.com/shop/98329022
汕头八合里海记牛肉店(兴盛汇店),1178,87元,火锅,兴盛路/跑马场,兴盛路11号兴盛汇三楼2-9、10号,吊龙伴,手锤牛筋丸,五花趾,8.5,8.2,7.9,四星商户,id69489569,http://www.dianping.com/shop/69489569
春风十里音乐餐吧,1100,121元,西餐,工业大道,革新路124号太古仓码头3号仓西仓,牛小排,霸王藤椒鱼,榴莲披萨,7.6,8.5,7.3,四星商户,id92740056,http://www.dianping.com/shop/92740056
传记潮发牛肉店・吃货力荐(长兴总店),1240,78元,火锅,天河客运站,长兴路天鹅花园113号103铺,牛肉丸,肥牛肉,吊龙肉,9,8,8.5,准五星商户,id4114835,http://www.dianping.com/shop/4114835
广州酒家(昌岗中路店),1593,90元,粤菜,江南大道,昌岗中路238号达镖国际中心四楼,虾饺,芝士核桃包,生煎脆皮甜薄餐,8.3,8.5,7.6,四星商户,id68076158,http://www.dianping.com/shop/68076158
升记私伙牛杂煲(海珠店),430,67元,火锅,江南西,江南西路地铁D出口，往左天桥旁边的路进去约一两百米，翠菊园楼下商铺,升记牛腩牛杂煲,汽水,牛腩牛杂煲,8.8,7.8,9,准五星商户,id59165439,http://www.dianping.com/shop/59165439
DOG Coffee Roasters&Craft Beer,178,69元,咖啡厅,珠江新城,兴盛路8号102号铺,手冲单品,桂花小麦,Dirty,7.9,8.5,8.3,四星商户,id97467500,http://www.dianping.com/shop/97467500
食方缘?素食| 别墅主题餐厅,1884,92元,素菜,珠江新城,寺右南二街五巷6号别墅院,美娘梅汁鲜苔卷,石锅珍菌炒饭,黑椒素扒,8.1,9,8.4,四星商户,id32477062,http://www.dianping.com/shop/32477062
淼福猪肚鸡(长隆店),772,67元,粤菜,长隆,大石镇植村南大路146号派酒店一楼,胡椒猪肚煲鸡,煲仔饭,炸腐竹,8.8,7.5,8.2,四星商户,id6806653,http://www.dianping.com/shop/6806653
橄榄阳厨?小料理 Olive terrace,415,128元,西餐,天河北,林和东路126号,芝士葛粉豆腐,创作串烧,章鱼意大利面,8,8.8,8.9,四星商户,id92896364,http://www.dianping.com/shop/92896364
Taning挞柠・匠心柠檬茶(花城汇南区店),436,12元,面包甜点,珠江新城,花城大道89号花城汇南区一点点旁,手打柠檬绿（一品青茶）,手打柠檬红（祁门红茶）,手打柠檬绿（五窨茉绿）,8.1,8,8.4,四星商户,id102201200,http://www.dianping.com/shop/102201200
Antidote解药餐饮艺术空间(天河店),184,184元,西餐,天河北,天河北路侨怡一街39号首层自编9号之一铺,蓝芝士宽面,藏花汁海鲜天使面,肉桂苹果鹅肝,8.1,8.4,8.8,四星商户,id93462469,http://www.dianping.com/shop/93462469
西村日本料理,1028,166元,日本料理,天河北,天河林和西路9号耀中广场2层,刺身,刺身拼盘,四人套餐,8.5,9.1,8.9,准五星商户,id23517663,http://www.dianping.com/shop/23517663
陆客周日本料理(远景路店),53,155元,日本料理,机场路,远景路145号,帝皇蟹h卷,海胆刺身,软牛舌,8.9,9,8.5,四星商户,id99762044,http://www.dianping.com/shop/99762044
新作的茶Sun Tea(北京路旗舰店),261,24元,面包甜点,北京路,西湖路38号首层102铺西南部位,新粉蜜桃,苏丹王爆浆榴莲,新芝莓果果,7.8,8.2,8,四星商户,id107742795,http://www.dianping.com/shop/107742795
炉鱼(广州太阳新天地店),2952,73元,川菜,兴盛路/跑马场,马场路36号太阳新天地6楼,湄公鱼,特色藕饼,冰桔茶,8.4,8.6,8.6,准五星商户,id23295906,http://www.dianping.com/shop/23295906
Breaktime Cafe・新西式餐饮(北京路店),799,65元,西餐,北京路,大南路162号,大虾海鲜墨鱼汁扁面,美式小食拼盘,山贼鸡扒墨鱼扁面,8.1,8.6,7.8,四星商户,id83438135,http://www.dianping.com/shop/83438135
诸锣记烤串(五羊新城店),1754,92元,烧烤,五羊新城,寺右新马路87-99单号首层110铺（五羊站D出口）,鸡脆骨,鸡翅,羊肉串,7.9,8.1,7.7,四星商户,id69919585,http://www.dianping.com/shop/69919585
小鱼儿顺德私房菜(客村1店),1264,74元,粤菜,客村/赤岗,艺景路252号一楼,顺德公焖江团鱼,清远鸡,蒜茸蒸生蚝,7.8,7.4,7.4,四星商户,id11555043,http://www.dianping.com/shop/11555043
竹园竹升面(西关总店),575,18元,粥粉面,上下九,荔^十八甫南路107号,虾仁云吞面,瑶柱云吞,蟹膏云吞,7.8,7.4,7.3,四星商户,id66387724,http://www.dianping.com/shop/66387724
探窝汤物料理(车陂南店),322,88元,粤菜,车陂/东圃,车陂路6号东盛广场首层168号铺,竹笙椰子文昌鸡,腊味煲仔饭,椰子汁,8.8,8.5,8.3,准五星商户,id83201137,http://www.dianping.com/shop/83201137
Over Easy by Senses,1175,98元,西餐,珠江新城,清风街广粤新天地南门外街11铺,牛油果鸡肉三明治Chiken Sandwich,墨尔本的春天,h蛋,8,8.9,8,四星商户,id50199389,http://www.dianping.com/shop/50199389
顺德?牛牛花粥(市二宫),192,67元,火锅,江南大道,同福东路640号,牛花肉,嫩滑牛肉,生蚝,8.1,7.2,7.5,四星商户,id107756867,http://www.dianping.com/shop/107756867
广州阳光酒店餐厅(员村店),498,182元,自助餐,天河公园,黄埔大道中199号广州阳光酒店内,刺身,布丁,海鲜,8.2,9,8.5,准五星商户,id57580705,http://www.dianping.com/shop/57580705
木屋烧烤(晓港店),1414,70元,烧烤,东晓南,江晓路18号晓港商业城首层B1-103/103A,烤湛江生蚝,香辣猪蹄,烤茄子,8.4,8.5,8.3,四星商户,id63050702,http://www.dianping.com/shop/63050702
TPS完美切割牛肉主题(K11店),175,132元,火锅,珠江新城,珠江东路6号K11购物艺术中心负一楼B130铺,手N牛肉丸（生）,F切r眼肉,吊龙,8.1,8.6,8.6,四星商户,id98815562,http://www.dianping.com/shop/98815562
大佬峰巴士(中华广场店),2297,24元,面包甜点,中山二三路/东山口,中山三路33号中华广场3层,原味吞拿鱼薯仔头,劲重磅芝士肠仔飞碟,泰国街头奶茶,8.2,8,8,四星商户,id27478619,http://www.dianping.com/shop/27478619
一心幸舍(芳村店),64,73元,日本料理,芳村,芳村花地大道北48号,火炙芝士蟹棒寿司,三文鱼厚切,火炙三文鱼蟹棒盖饭,8.8,8.5,8.9,准五星商户,id98401676,http://www.dianping.com/shop/98401676
京都府日式料理(鹭江店),535,68元,日本料理,客村/赤岗,上渡路雅惠街171号之7,炙烧蟹棒,招牌鳗鱼饭,招牌香芒沙律,8.7,8,8.7,准五星商户,id75632631,http://www.dianping.com/shop/75632631
不一样书式咖啡?不一样激发灵感,366,37元,咖啡厅,天河城/体育中心,天河南一路92号204,醇厚冰拿铁,高颜值百香果伯爵鲜果茶,手工树莓酸奶慕斯,8,8.6,8.8,准五星商户,id69198059,http://www.dianping.com/shop/69198059
顺德公牛花粥(厦虻),373,71元,火锅,厦,厦蚰下废蛏桃荡笙靡徊,牛花肉,药膳粥底,顺德公炒粉,8.6,7.8,7.8,准五星商户,id95394266,http://www.dianping.com/shop/95394266
noname,,0元,,,,,,,,,,,,
